<?xml version="1.0" encoding="UTF-8" standalone="yes"?>
<addon id="repository.xceltv" name="xcel TV" version="1.0" provider-name="xceltv">
	<extension point="xbmc.addon.repository" name="ZERI TV">
		<info compressed="false">http://xceltv.googlecode.com/svn/trunk/addons.xml</info>
			<checksum>http://xceltv.googlecode.com/svn/trunk/addons.xml.md5</checksum>
			<datadir zip="true">http://xceltv.googlecode.com/svn/trunk/</datadir>
	</extension>
	<extension point="xbmc.addon.metadata">
		<summary>Install Zeri TV ADD-ONs to watch Indian TV Content</summary>
		<description>Enjoy access to Indian Live TV.</description>
		<disclaimer>The video add-ons hosted by my XBMC add-ons repository(xceltv) makes no warranties, expressed or implied, and hereby disclaims and negates all other warranties, including without limitation, implied warranties or conditions of merchantability, fitness for a particular purpose, or non-infringement of intellectual property or other violation of rights. Further, video add-ons don't warrant or make any representations concerning the accuracy, likely results, or reliability of the use of the materials on the Internet web site where from data is retrieved or otherwise relating to such materials or on any sites linked to this addon. Videos are streamed directly from video-hosting websites that are having full rights to remove such access to video if required. These add-ons access website contents like a normal web browser and show content to users.</disclaimer>
		<platform>all</platform>
	</extension>
</addon>
