<?xml version="1.0" encoding="UTF-8" standalone="yes"?>
<addon id="plugin.video.xcelvod" name="Xcel VOD" version="1.0.0" provider-name="XcelTV">
    <requires>
        <import addon="xbmc.python" version="2.1.0"/>
        <import addon="script.module.urlresolver" version="1.0.0"/>
        <import addon="plugin.video.youtube" version="2.9.2"/>
        <import addon="script.module.simplejson" />  
        <import addon="script.module.xmltodict" />  
    </requires>
    <extension point="xbmc.python.pluginsource" library="default.py">
        <provides>video</provides>
    </extension>
    <extension point="xbmc.addon.metadata">
        <summary>Watch Recorded Indian TV and Movies</summary>
		<description>Watch Recorded Indian TV and Movies</description>
		<disclaimer>This addon makes no warranties, expressed or implied, and
			hereby disclaims and negates all other warranties, including without
			limitation, implied warranties or conditions of merchantability,
			fitness for a particular purpose, or non-infringement of intellectual
			property or other violation of rights. Further, Xcel TV addon
			does not warrant or make any representations concerning the accuracy,
			likely results, or reliability of the use of the materials on the
			Internet web site where from data is retrieved or otherwise relating
			to such materials or on any sites linked to this addon. Videos are
			sourced from video-hosting websites that are having full rights to
			remove such access to video if required.
		</disclaimer>
        <platform>all</platform>
    </extension>
</addon>
