<?xml version="1.0" encoding="UTF-8" standalone="yes"?>
<addon id="plugin.video.xceltv" name="xceltv" version="1.0.7"
	provider-name="xceltv">
	<requires>
		<import addon="xbmc.python" version="2.1.0" />
		<import addon="script.module.simplejson" />
		<import addon="script.module.beautifulsoup" />
		<import addon="script.module.elementtree" />
		<import addon="script.module.urlresolver" />
	</requires>
	<extension point="xbmc.python.script" library="main.py">
	<provides>video</provides>
	</extension>
	<extension point="xbmc.addon.metadata">
		<summary>Watch Live Indian TV, English Channels and Sports</summary>
		<description>Watch Live Indian TV, English Channels and Sports</description>
		<disclaimer>This addon makes no warranties, expressed or implied, and
			hereby disclaims and negates all other warranties, including without
			limitation, implied warranties or conditions of merchantability,
			fitness for a particular purpose, or non-infringement of intellectual
			property or other violation of rights. Further, Zeri TV addon
			does not warrant or make any representations concerning the accuracy,
			likely results, or reliability of the use of the materials on the
			Internet web site where from data is retrieved or otherwise relating
			to such materials or on any sites linked to this addon. Videos are
			soruced from video-hosting websites that are having full rights to
			remove such access to video if required.
		</disclaimer>
		<platform>all</platform>
		<license>GNU GPL v3</license>
	</extension>
</addon>
