<?xml version="1.0" encoding="UTF-8" standalone="yes"?>
<addon id="plugin.video.xcelvod" name="Xcel VOD" version="1.0.1" provider-name="Xcel Vod">
  <requires>
    <import addon="xbmc.python" version="2.1.0"/>
    <import addon="script.module.xbmcswift2" version="2.4.0"/>
<import addon="script.module.beautifulsoup" version="3.2.1"/>

  </requires>
  <extension point="xbmc.python.pluginsource" library="addon.py">
    <provides>video</provides>
  </extension>
  <extension point="xbmc.addon.metadata">
    <platform>all</platform>
    <language></language>
    <summary>Watch English and Indian Video On Demand</summary>
    <description>Watch English and Indian Video On Demand</description>
  </extension>
</addon>
